{
  "distribution_similarity": 0.8385255347593583,
  "temporal_coherence": 0.07659367471933365
}